{"loss": [1.3459941148757935, 0.44869664311408997, 0.26642581820487976, 0.1879294514656067, 0.13696222007274628, 0.10830337554216385, 0.08975742757320404, 0.07347758114337921, 0.06511329114437103, 0.051950421184301376], "accuracy": [0.6042677164077759, 0.8567750453948975, 0.9141190648078918, 0.9381605982780457, 0.9547336101531982, 0.9643075466156006, 0.9707375764846802, 0.975986897945404, 0.979244589805603, 0.9828437566757202], "val_loss": [0.5185821652412415, 0.27287954092025757, 0.2069198489189148, 0.18670377135276794, 0.2389000803232193, 0.1024000272154808, 0.13617466390132904, 0.1081063374876976, 0.11764800548553467, 0.10046973824501038], "val_accuracy": [0.8388914465904236, 0.9120760560035706, 0.9356362223625183, 0.9413840174674988, 0.9292624592781067, 0.96687912940979, 0.955895721912384, 0.9648873209953308, 0.9653995037078857, 0.9683587551116943]}